Original_Image,Review_Status,Saved_Path
lp_train_405.jpg,Yes,C:\Users\Installer\Downloads\Yes_lp_train_405.jpg
lp_train_3296.jpg,Yes,C:\Users\Installer\Downloads\Yes_lp_train_3296.jpg
lp_train_2843.jpg,Yes,C:\Users\Installer\Downloads\Yes_lp_train_2843.jpg
lp_train_3623.jpg,No,C:\Users\Installer\Downloads\No_lp_train_3623.jpg
lp_train_6681.jpg,Yes,C:\Users\Installer\Downloads\Yes_lp_train_6681.jpg
lp_train_5576.jpg,Yes,C:\Users\Installer\Downloads\Yes_lp_train_5576.jpg
lp_train_4959.jpg,Yes,C:\Users\Installer\Downloads\Yes_lp_train_4959.jpg
lp_train_4162.jpg,Yes,C:\Users\Installer\Downloads\Yes_lp_train_4162.jpg
lp_train_3168.jpg,Yes,C:\Users\Installer\Downloads\Yes_lp_train_3168.jpg
lp_train_639.jpg,Yes,C:\Users\Installer\Downloads\Yes_lp_train_639.jpg
lp_train_4810.jpg,No,C:\Users\Installer\Downloads\No_lp_train_4810.jpg
lp_train_4320.jpg,Yes,C:\Users\Installer\Downloads\Yes_lp_train_4320.jpg
lp_train_1493.jpg,Yes,C:\Users\Installer\Downloads\Yes_lp_train_1493.jpg
lp_train_4752.jpg,Yes,C:\Users\Installer\Downloads\Yes_lp_train_4752.jpg
lp_train_6717.jpg,Yes,C:\Users\Installer\Downloads\Yes_lp_train_6717.jpg
lp_train_1965.jpg,Yes,C:\Users\Installer\Downloads\Yes_lp_train_1965.jpg
lp_train_3166.jpg,Yes,C:\Users\Installer\Downloads\Yes_lp_train_3166.jpg
lp_train_3056.jpg,Yes,C:\Users\Installer\Downloads\Yes_lp_train_3056.jpg
lp_train_2477.jpg,No,C:\Users\Installer\Downloads\No_lp_train_2477.jpg
lp_train_4107.jpg,Yes,C:\Users\Installer\Downloads\Yes_lp_train_4107.jpg
lp_train_215.jpg,Yes,C:\Users\Installer\Downloads\Yes_lp_train_215.jpg
lp_train_1142.jpg,No,C:\Users\Installer\Downloads\No_lp_train_1142.jpg
lp_train_1050.jpg,Yes,C:\Users\Installer\Downloads\Yes_lp_train_1050.jpg
lp_train_2239.jpg,Yes,C:\Users\Installer\Downloads\Yes_lp_train_2239.jpg
lp_train_2310.jpg,Yes,C:\Users\Installer\Downloads\Yes_lp_train_2310.jpg
lp_train_1189.jpg,Yes,C:\Users\Installer\Downloads\Yes_lp_train_1189.jpg
lp_train_6449.jpg,Yes,C:\Users\Installer\Downloads\Yes_lp_train_6449.jpg
lp_train_4879.jpg,Yes,C:\Users\Installer\Downloads\Yes_lp_train_4879.jpg
lp_train_5502.jpg,Yes,C:\Users\Installer\Downloads\Yes_lp_train_5502.jpg
lp_train_700.jpg,Yes,C:\Users\Installer\Downloads\Yes_lp_train_700.jpg
lp_train_138.jpg,No,C:\Users\Installer\Downloads\No_lp_train_138.jpg
lp_train_1481.jpg,Yes,C:\Users\Installer\Downloads\Yes_lp_train_1481.jpg
lp_train_1458.jpg,Yes,C:\Users\Installer\Downloads\Yes_lp_train_1458.jpg
lp_train_2036.jpg,Yes,C:\Users\Installer\Downloads\Yes_lp_train_2036.jpg
lp_train_6786.jpg,Yes,C:\Users\Installer\Downloads\Yes_lp_train_6786.jpg
lp_train_1798.jpg,Yes,C:\Users\Installer\Downloads\Yes_lp_train_1798.jpg
lp_train_1089.jpg,Yes,C:\Users\Installer\Downloads\Yes_lp_train_1089.jpg
lp_train_2932.jpg,Yes,C:\Users\Installer\Downloads\Yes_lp_train_2932.jpg
lp_train_1001.jpg,Yes,C:\Users\Installer\Downloads\Yes_lp_train_1001.jpg
lp_train_2358.jpg,Yes,C:\Users\Installer\Downloads\Yes_lp_train_2358.jpg
lp_train_1816.jpg,Yes,C:\Users\Installer\Downloads\Yes_lp_train_1816.jpg
lp_train_2885.jpg,Yes,C:\Users\Installer\Downloads\Yes_lp_train_2885.jpg
lp_train_1698.jpg,Yes,C:\Users\Installer\Downloads\Yes_lp_train_1698.jpg
lp_train_3672.jpg,No,C:\Users\Installer\Downloads\No_lp_train_3672.jpg
lp_train_3137.jpg,Yes,C:\Users\Installer\Downloads\Yes_lp_train_3137.jpg
lp_train_297.jpg,Yes,C:\Users\Installer\Downloads\Yes_lp_train_297.jpg
lp_train_2275.jpg,Yes,C:\Users\Installer\Downloads\Yes_lp_train_2275.jpg
lp_train_251.jpg,Yes,C:\Users\Installer\Downloads\Yes_lp_train_251.jpg
lp_train_4409.jpg,Yes,C:\Users\Installer\Downloads\Yes_lp_train_4409.jpg
lp_train_3313.jpg,Yes,C:\Users\Installer\Downloads\Yes_lp_train_3313.jpg
lp_train_3242.jpg,Yes,C:\Users\Installer\Downloads\Yes_lp_train_3242.jpg
lp_train_2554.jpg,No,C:\Users\Installer\Downloads\No_lp_train_2554.jpg
lp_train_4413.jpg,Yes,C:\Users\Installer\Downloads\Yes_lp_train_4413.jpg
lp_train_2541.jpg,Yes,C:\Users\Installer\Downloads\Yes_lp_train_2541.jpg
lp_train_6920.jpg,Yes,C:\Users\Installer\Downloads\Yes_lp_train_6920.jpg
lp_train_1610.jpg,Yes,C:\Users\Installer\Downloads\Yes_lp_train_1610.jpg
lp_train_4189.jpg,Yes,C:\Users\Installer\Downloads\Yes_lp_train_4189.jpg
lp_train_416.jpg,Yes,C:\Users\Installer\Downloads\Yes_lp_train_416.jpg
lp_train_5193.jpg,Yes,C:\Users\Installer\Downloads\Yes_lp_train_5193.jpg
lp_train_6414.jpg,Yes,C:\Users\Installer\Downloads\Yes_lp_train_6414.jpg
lp_train_686.jpg,Yes,C:\Users\Installer\Downloads\Yes_lp_train_686.jpg
lp_train_4067.jpg,Yes,C:\Users\Installer\Downloads\Yes_lp_train_4067.jpg
lp_train_2237.jpg,Yes,C:\Users\Installer\Downloads\Yes_lp_train_2237.jpg
lp_train_3905.jpg,Yes,C:\Users\Installer\Downloads\Yes_lp_train_3905.jpg
lp_train_558.jpg,Yes,C:\Users\Installer\Downloads\Yes_lp_train_558.jpg
lp_train_4655.jpg,Yes,C:\Users\Installer\Downloads\Yes_lp_train_4655.jpg
lp_train_5921.jpg,Yes,C:\Users\Installer\Downloads\Yes_lp_train_5921.jpg
lp_train_3117.jpg,Yes,C:\Users\Installer\Downloads\Yes_lp_train_3117.jpg
lp_train_1729.jpg,Yes,C:\Users\Installer\Downloads\Yes_lp_train_1729.jpg
lp_train_3176.jpg,Yes,C:\Users\Installer\Downloads\Yes_lp_train_3176.jpg
lp_train_3101.jpg,Yes,C:\Users\Installer\Downloads\Yes_lp_train_3101.jpg
lp_train_5298.jpg,Yes,C:\Users\Installer\Downloads\Yes_lp_train_5298.jpg
lp_train_4402.jpg,No,C:\Users\Installer\Downloads\No_lp_train_4402.jpg
lp_train_1221.jpg,Yes,C:\Users\Installer\Downloads\Yes_lp_train_1221.jpg
lp_train_486.jpg,Yes,C:\Users\Installer\Downloads\Yes_lp_train_486.jpg
lp_train_1888.jpg,Yes,C:\Users\Installer\Downloads\Yes_lp_train_1888.jpg
lp_train_5492.jpg,Yes,C:\Users\Installer\Downloads\Yes_lp_train_5492.jpg
lp_train_2480.jpg,Yes,C:\Users\Installer\Downloads\Yes_lp_train_2480.jpg
lp_train_3613.jpg,No,C:\Users\Installer\Downloads\No_lp_train_3613.jpg
lp_train_5865.jpg,Yes,C:\Users\Installer\Downloads\Yes_lp_train_5865.jpg
lp_train_5228.jpg,Yes,C:\Users\Installer\Downloads\Yes_lp_train_5228.jpg
lp_train_3989.jpg,No,C:\Users\Installer\Downloads\No_lp_train_3989.jpg
lp_train_2305.jpg,Yes,C:\Users\Installer\Downloads\Yes_lp_train_2305.jpg
lp_train_846.jpg,Yes,C:\Users\Installer\Downloads\Yes_lp_train_846.jpg
lp_train_1462.jpg,Yes,C:\Users\Installer\Downloads\Yes_lp_train_1462.jpg
lp_train_2507.jpg,Yes,C:\Users\Installer\Downloads\Yes_lp_train_2507.jpg
lp_train_5258.jpg,Yes,C:\Users\Installer\Downloads\Yes_lp_train_5258.jpg
lp_train_3692.jpg,Yes,C:\Users\Installer\Downloads\Yes_lp_train_3692.jpg
lp_train_4905.jpg,Yes,C:\Users\Installer\Downloads\Yes_lp_train_4905.jpg
lp_train_466.jpg,Yes,C:\Users\Installer\Downloads\Yes_lp_train_466.jpg
lp_train_2569.jpg,Yes,C:\Users\Installer\Downloads\Yes_lp_train_2569.jpg
lp_train_579.jpg,Yes,C:\Users\Installer\Downloads\Yes_lp_train_579.jpg
lp_train_5944.jpg,Yes,C:\Users\Installer\Downloads\Yes_lp_train_5944.jpg
lp_train_1558.jpg,Yes,C:\Users\Installer\Downloads\Yes_lp_train_1558.jpg
lp_train_4826.jpg,Yes,C:\Users\Installer\Downloads\Yes_lp_train_4826.jpg
lp_train_5660.jpg,Yes,C:\Users\Installer\Downloads\Yes_lp_train_5660.jpg
lp_train_2984.jpg,Yes,C:\Users\Installer\Downloads\Yes_lp_train_2984.jpg
lp_train_4929.jpg,Yes,C:\Users\Installer\Downloads\Yes_lp_train_4929.jpg
lp_train_2618.jpg,Yes,C:\Users\Installer\Downloads\Yes_lp_train_2618.jpg
lp_train_326.jpg,Yes,C:\Users\Installer\Downloads\Yes_lp_train_326.jpg
lp_train_2314.jpg,Yes,C:\Users\Installer\Downloads\Yes_lp_train_2314.jpg
lp_train_3704.jpg,No,C:\Users\Installer\Downloads\No_lp_train_3704.jpg
lp_train_4996.jpg,Yes,C:\Users\Installer\Downloads\Yes_lp_train_4996.jpg
lp_train_6024.jpg,Yes,C:\Users\Installer\Downloads\Yes_lp_train_6024.jpg
lp_train_1348.jpg,Yes,C:\Users\Installer\Downloads\Yes_lp_train_1348.jpg
lp_train_4557.jpg,Yes,C:\Users\Installer\Downloads\Yes_lp_train_4557.jpg
lp_train_6295.jpg,Yes,C:\Users\Installer\Downloads\Yes_lp_train_6295.jpg
lp_train_4080.jpg,No,C:\Users\Installer\Downloads\No_lp_train_4080.jpg
lp_train_2385.jpg,Yes,C:\Users\Installer\Downloads\Yes_lp_train_2385.jpg
lp_train_832.jpg,Yes,C:\Users\Installer\Downloads\Yes_lp_train_832.jpg
lp_train_4437.jpg,No,C:\Users\Installer\Downloads\No_lp_train_4437.jpg
lp_train_894.jpg,Yes,C:\Users\Installer\Downloads\Yes_lp_train_894.jpg
lp_train_753.jpg,Yes,C:\Users\Installer\Downloads\Yes_lp_train_753.jpg
lp_train_4076.jpg,Yes,C:\Users\Installer\Downloads\Yes_lp_train_4076.jpg
lp_train_1753.jpg,Yes,C:\Users\Installer\Downloads\Yes_lp_train_1753.jpg
lp_train_3485.jpg,No,C:\Users\Installer\Downloads\No_lp_train_3485.jpg
lp_train_3394.jpg,Yes,C:\Users\Installer\Downloads\Yes_lp_train_3394.jpg
lp_train_448.jpg,Yes,C:\Users\Installer\Downloads\Yes_lp_train_448.jpg
lp_train_7045.jpg,Yes,C:\Users\Installer\Downloads\Yes_lp_train_7045.jpg
lp_train_4216.jpg,Yes,C:\Users\Installer\Downloads\Yes_lp_train_4216.jpg
lp_train_7015.jpg,Yes,C:\Users\Installer\Downloads\Yes_lp_train_7015.jpg
lp_train_3016.jpg,Yes,C:\Users\Installer\Downloads\Yes_lp_train_3016.jpg
lp_train_2353.jpg,Yes,C:\Users\Installer\Downloads\Yes_lp_train_2353.jpg
lp_train_2348.jpg,Yes,C:\Users\Installer\Downloads\Yes_lp_train_2348.jpg
lp_train_417.jpg,Yes,C:\Users\Installer\Downloads\Yes_lp_train_417.jpg
lp_train_4547.jpg,Yes,C:\Users\Installer\Downloads\Yes_lp_train_4547.jpg
lp_train_4161.jpg,Yes,C:\Users\Installer\Downloads\Yes_lp_train_4161.jpg
lp_train_1616.jpg,Yes,C:\Users\Installer\Downloads\Yes_lp_train_1616.jpg
lp_train_6589.jpg,Yes,C:\Users\Installer\Downloads\Yes_lp_train_6589.jpg
lp_train_3033.jpg,Yes,C:\Users\Installer\Downloads\Yes_lp_train_3033.jpg
lp_train_2926.jpg,Yes,C:\Users\Installer\Downloads\Yes_lp_train_2926.jpg
lp_train_1541.jpg,Yes,C:\Users\Installer\Downloads\Yes_lp_train_1541.jpg
lp_train_2359.jpg,Yes,C:\Users\Installer\Downloads\Yes_lp_train_2359.jpg
lp_train_2871.jpg,Yes,C:\Users\Installer\Downloads\Yes_lp_train_2871.jpg
lp_train_2975.jpg,Yes,C:\Users\Installer\Downloads\Yes_lp_train_2975.jpg
lp_train_6468.jpg,Yes,C:\Users\Installer\Downloads\Yes_lp_train_6468.jpg
lp_train_1925.jpg,Yes,C:\Users\Installer\Downloads\Yes_lp_train_1925.jpg
lp_train_4587.jpg,Yes,C:\Users\Installer\Downloads\Yes_lp_train_4587.jpg
lp_train_1672.jpg,Yes,C:\Users\Installer\Downloads\Yes_lp_train_1672.jpg
lp_train_3453.jpg,No,C:\Users\Installer\Downloads\No_lp_train_3453.jpg
lp_train_3785.jpg,No,C:\Users\Installer\Downloads\No_lp_train_3785.jpg
lp_train_839.jpg,Yes,C:\Users\Installer\Downloads\Yes_lp_train_839.jpg
lp_train_2243.jpg,Yes,C:\Users\Installer\Downloads\Yes_lp_train_2243.jpg
lp_train_5747.jpg,Yes,C:\Users\Installer\Downloads\Yes_lp_train_5747.jpg
lp_train_4513.jpg,No,C:\Users\Installer\Downloads\No_lp_train_4513.jpg
lp_train_4118.jpg,Yes,C:\Users\Installer\Downloads\Yes_lp_train_4118.jpg
lp_train_2132.jpg,Yes,C:\Users\Installer\Downloads\Yes_lp_train_2132.jpg
lp_train_1847.jpg,Yes,C:\Users\Installer\Downloads\Yes_lp_train_1847.jpg
lp_train_1490.jpg,Yes,C:\Users\Installer\Downloads\Yes_lp_train_1490.jpg
lp_train_409.jpg,Yes,C:\Users\Installer\Downloads\Yes_lp_train_409.jpg
lp_train_895.jpg,Yes,C:\Users\Installer\Downloads\Yes_lp_train_895.jpg
lp_train_6331.jpg,Yes,C:\Users\Installer\Downloads\Yes_lp_train_6331.jpg
lp_train_6484.jpg,Yes,C:\Users\Installer\Downloads\Yes_lp_train_6484.jpg
lp_train_5625.jpg,Yes,C:\Users\Installer\Downloads\Yes_lp_train_5625.jpg
lp_train_3042.jpg,Yes,C:\Users\Installer\Downloads\Yes_lp_train_3042.jpg
lp_train_2127.jpg,Yes,C:\Users\Installer\Downloads\Yes_lp_train_2127.jpg
lp_train_3314.jpg,Yes,C:\Users\Installer\Downloads\Yes_lp_train_3314.jpg
lp_train_1124.jpg,Yes,C:\Users\Installer\Downloads\Yes_lp_train_1124.jpg
lp_train_504.jpg,Yes,C:\Users\Installer\Downloads\Yes_lp_train_504.jpg
lp_train_1192.jpg,Yes,C:\Users\Installer\Downloads\Yes_lp_train_1192.jpg
lp_train_3114.jpg,Yes,C:\Users\Installer\Downloads\Yes_lp_train_3114.jpg
lp_train_1500.jpg,Yes,C:\Users\Installer\Downloads\Yes_lp_train_1500.jpg
lp_train_4553.jpg,No,C:\Users\Installer\Downloads\No_lp_train_4553.jpg
lp_train_3838.jpg,Yes,C:\Users\Installer\Downloads\Yes_lp_train_3838.jpg
lp_train_3286.jpg,Yes,C:\Users\Installer\Downloads\Yes_lp_train_3286.jpg
lp_train_5290.jpg,Yes,C:\Users\Installer\Downloads\Yes_lp_train_5290.jpg
lp_train_3798.jpg,No,C:\Users\Installer\Downloads\No_lp_train_3798.jpg
lp_train_2595.jpg,Yes,C:\Users\Installer\Downloads\Yes_lp_train_2595.jpg
lp_train_2342.jpg,Yes,C:\Users\Installer\Downloads\Yes_lp_train_2342.jpg
lp_train_2447.jpg,Yes,C:\Users\Installer\Downloads\Yes_lp_train_2447.jpg
lp_train_5201.jpg,No,C:\Users\Installer\Downloads\No_lp_train_5201.jpg
lp_train_3122.jpg,Yes,C:\Users\Installer\Downloads\Yes_lp_train_3122.jpg
lp_train_2052.jpg,Yes,C:\Users\Installer\Downloads\Yes_lp_train_2052.jpg
lp_train_2734.jpg,Yes,C:\Users\Installer\Downloads\Yes_lp_train_2734.jpg
lp_train_2577.jpg,Yes,C:\Users\Installer\Downloads\Yes_lp_train_2577.jpg
lp_train_3061.jpg,Yes,C:\Users\Installer\Downloads\Yes_lp_train_3061.jpg
lp_train_3812.jpg,Yes,C:\Users\Installer\Downloads\Yes_lp_train_3812.jpg
lp_train_609.jpg,Yes,C:\Users\Installer\Downloads\Yes_lp_train_609.jpg
lp_train_5763.jpg,No,C:\Users\Installer\Downloads\No_lp_train_5763.jpg
lp_train_3285.jpg,Yes,C:\Users\Installer\Downloads\Yes_lp_train_3285.jpg
lp_train_4762.jpg,Yes,C:\Users\Installer\Downloads\Yes_lp_train_4762.jpg
lp_train_2034.jpg,Yes,C:\Users\Installer\Downloads\Yes_lp_train_2034.jpg
lp_train_2165.jpg,Yes,C:\Users\Installer\Downloads\Yes_lp_train_2165.jpg
lp_train_3662.jpg,No,C:\Users\Installer\Downloads\No_lp_train_3662.jpg
lp_train_2603.jpg,Yes,C:\Users\Installer\Downloads\Yes_lp_train_2603.jpg
lp_train_3598.jpg,No,C:\Users\Installer\Downloads\No_lp_train_3598.jpg
lp_train_2098.jpg,Yes,C:\Users\Installer\Downloads\Yes_lp_train_2098.jpg
lp_train_2107.jpg,Yes,C:\Users\Installer\Downloads\Yes_lp_train_2107.jpg
lp_train_2110.jpg,Yes,C:\Users\Installer\Downloads\Yes_lp_train_2110.jpg
lp_train_822.jpg,Yes,C:\Users\Installer\Downloads\Yes_lp_train_822.jpg
lp_train_2653.jpg,Yes,C:\Users\Installer\Downloads\Yes_lp_train_2653.jpg
lp_train_5673.jpg,Yes,C:\Users\Installer\Downloads\Yes_lp_train_5673.jpg
lp_train_4536.jpg,No,C:\Users\Installer\Downloads\No_lp_train_4536.jpg
lp_train_3472.jpg,No,C:\Users\Installer\Downloads\No_lp_train_3472.jpg
lp_train_1364.jpg,Yes,C:\Users\Installer\Downloads\Yes_lp_train_1364.jpg
lp_train_1440.jpg,Yes,C:\Users\Installer\Downloads\Yes_lp_train_1440.jpg
lp_train_2669.jpg,Yes,C:\Users\Installer\Downloads\Yes_lp_train_2669.jpg
lp_train_3945.jpg,Yes,C:\Users\Installer\Downloads\Yes_lp_train_3945.jpg
lp_train_1539.jpg,No,C:\Users\Installer\Downloads\No_lp_train_1539.jpg
lp_train_5363.jpg,Yes,C:\Users\Installer\Downloads\Yes_lp_train_5363.jpg
lp_train_557.jpg,Yes,C:\Users\Installer\Downloads\Yes_lp_train_557.jpg
lp_train_5172.jpg,Yes,C:\Users\Installer\Downloads\Yes_lp_train_5172.jpg
lp_train_1807.jpg,Yes,C:\Users\Installer\Downloads\Yes_lp_train_1807.jpg
lp_train_4689.jpg,No,C:\Users\Installer\Downloads\No_lp_train_4689.jpg
lp_train_4580.jpg,Yes,C:\Users\Installer\Downloads\Yes_lp_train_4580.jpg
lp_train_1931.jpg,Yes,C:\Users\Installer\Downloads\Yes_lp_train_1931.jpg
lp_train_3263.jpg,Yes,C:\Users\Installer\Downloads\Yes_lp_train_3263.jpg
lp_train_2298.jpg,Yes,C:\Users\Installer\Downloads\Yes_lp_train_2298.jpg
lp_train_4995.jpg,No,C:\Users\Installer\Downloads\No_lp_train_4995.jpg
lp_train_1349.jpg,Yes,C:\Users\Installer\Downloads\Yes_lp_train_1349.jpg
lp_train_1754.jpg,Yes,C:\Users\Installer\Downloads\Yes_lp_train_1754.jpg
lp_train_197.jpg,Yes,C:\Users\Installer\Downloads\Yes_lp_train_197.jpg
lp_train_1872.jpg,Yes,C:\Users\Installer\Downloads\Yes_lp_train_1872.jpg
lp_train_5462.jpg,Yes,C:\Users\Installer\Downloads\Yes_lp_train_5462.jpg
lp_train_2564.jpg,Yes,C:\Users\Installer\Downloads\Yes_lp_train_2564.jpg
lp_train_4594.jpg,Yes,C:\Users\Installer\Downloads\Yes_lp_train_4594.jpg
lp_train_276.jpg,Yes,C:\Users\Installer\Downloads\Yes_lp_train_276.jpg
lp_train_3322.jpg,Yes,C:\Users\Installer\Downloads\Yes_lp_train_3322.jpg
lp_train_804.jpg,Yes,C:\Users\Installer\Downloads\Yes_lp_train_804.jpg
lp_train_6574.jpg,Yes,C:\Users\Installer\Downloads\Yes_lp_train_6574.jpg
lp_train_1486.jpg,Yes,C:\Users\Installer\Downloads\Yes_lp_train_1486.jpg
lp_train_2227.jpg,Yes,C:\Users\Installer\Downloads\Yes_lp_train_2227.jpg
lp_train_2899.jpg,Yes,C:\Users\Installer\Downloads\Yes_lp_train_2899.jpg
lp_train_3319.jpg,Yes,C:\Users\Installer\Downloads\Yes_lp_train_3319.jpg
lp_train_530.jpg,Yes,C:\Users\Installer\Downloads\Yes_lp_train_530.jpg
lp_train_5531.jpg,Yes,C:\Users\Installer\Downloads\Yes_lp_train_5531.jpg
lp_train_1509.jpg,Yes,C:\Users\Installer\Downloads\Yes_lp_train_1509.jpg
lp_train_3480.jpg,No,C:\Users\Installer\Downloads\No_lp_train_3480.jpg
lp_train_2468.jpg,Yes,C:\Users\Installer\Downloads\Yes_lp_train_2468.jpg
lp_train_2860.jpg,Yes,C:\Users\Installer\Downloads\Yes_lp_train_2860.jpg
lp_train_743.jpg,Yes,C:\Users\Installer\Downloads\Yes_lp_train_743.jpg
lp_train_3170.jpg,Yes,C:\Users\Installer\Downloads\Yes_lp_train_3170.jpg
lp_train_4664.jpg,Yes,C:\Users\Installer\Downloads\Yes_lp_train_4664.jpg
lp_train_3126.jpg,Yes,C:\Users\Installer\Downloads\Yes_lp_train_3126.jpg
lp_train_224.jpg,No,C:\Users\Installer\Downloads\No_lp_train_224.jpg
lp_train_2459.jpg,Yes,C:\Users\Installer\Downloads\Yes_lp_train_2459.jpg
lp_train_1684.jpg,Yes,C:\Users\Installer\Downloads\Yes_lp_train_1684.jpg
lp_train_2648.jpg,Yes,C:\Users\Installer\Downloads\Yes_lp_train_2648.jpg
lp_train_2062.jpg,Yes,C:\Users\Installer\Downloads\Yes_lp_train_2062.jpg
lp_train_1094.jpg,Yes,C:\Users\Installer\Downloads\Yes_lp_train_1094.jpg
lp_train_2383.jpg,Yes,C:\Users\Installer\Downloads\Yes_lp_train_2383.jpg
lp_train_6856.jpg,Yes,C:\Users\Installer\Downloads\Yes_lp_train_6856.jpg
lp_train_1318.jpg,Yes,C:\Users\Installer\Downloads\Yes_lp_train_1318.jpg
lp_train_5220.jpg,Yes,C:\Users\Installer\Downloads\Yes_lp_train_5220.jpg
lp_train_617.jpg,Yes,C:\Users\Installer\Downloads\Yes_lp_train_617.jpg
lp_train_2905.jpg,Yes,C:\Users\Installer\Downloads\Yes_lp_train_2905.jpg
lp_train_2278.jpg,Yes,C:\Users\Installer\Downloads\Yes_lp_train_2278.jpg
lp_train_1178.jpg,Yes,C:\Users\Installer\Downloads\Yes_lp_train_1178.jpg
lp_train_312.jpg,Yes,C:\Users\Installer\Downloads\Yes_lp_train_312.jpg
lp_train_1810.jpg,Yes,C:\Users\Installer\Downloads\Yes_lp_train_1810.jpg
lp_train_5682.jpg,Yes,C:\Users\Installer\Downloads\Yes_lp_train_5682.jpg
lp_train_981.jpg,Yes,C:\Users\Installer\Downloads\Yes_lp_train_981.jpg
lp_train_1554.jpg,Yes,C:\Users\Installer\Downloads\Yes_lp_train_1554.jpg
lp_train_3085.jpg,Yes,C:\Users\Installer\Downloads\Yes_lp_train_3085.jpg
lp_train_3352.jpg,No,C:\Users\Installer\Downloads\No_lp_train_3352.jpg
lp_train_3431.jpg,Yes,C:\Users\Installer\Downloads\Yes_lp_train_3431.jpg
lp_train_959.jpg,Yes,C:\Users\Installer\Downloads\Yes_lp_train_959.jpg
lp_train_1386.jpg,No,C:\Users\Installer\Downloads\No_lp_train_1386.jpg
lp_train_6352.jpg,Yes,C:\Users\Installer\Downloads\Yes_lp_train_6352.jpg
lp_train_218.jpg,No,C:\Users\Installer\Downloads\No_lp_train_218.jpg
lp_train_2646.jpg,Yes,C:\Users\Installer\Downloads\Yes_lp_train_2646.jpg
lp_train_1739.jpg,Yes,C:\Users\Installer\Downloads\Yes_lp_train_1739.jpg
lp_train_4572.jpg,Yes,C:\Users\Installer\Downloads\Yes_lp_train_4572.jpg
lp_train_4861.jpg,Yes,C:\Users\Installer\Downloads\Yes_lp_train_4861.jpg
lp_train_1906.jpg,Yes,C:\Users\Installer\Downloads\Yes_lp_train_1906.jpg
lp_train_1491.jpg,Yes,C:\Users\Installer\Downloads\Yes_lp_train_1491.jpg
lp_train_4610.jpg,Yes,C:\Users\Installer\Downloads\Yes_lp_train_4610.jpg
lp_train_3822.jpg,No,C:\Users\Installer\Downloads\No_lp_train_3822.jpg
lp_train_1121.jpg,Yes,C:\Users\Installer\Downloads\Yes_lp_train_1121.jpg
lp_train_4941.jpg,Yes,C:\Users\Installer\Downloads\Yes_lp_train_4941.jpg
lp_train_253.jpg,Yes,C:\Users\Installer\Downloads\Yes_lp_train_253.jpg
lp_train_302.jpg,Yes,C:\Users\Installer\Downloads\Yes_lp_train_302.jpg
lp_train_123.jpg,No,C:\Users\Installer\Downloads\No_lp_train_123.jpg
lp_train_3075.jpg,No,C:\Users\Installer\Downloads\No_lp_train_3075.jpg
lp_train_2771.jpg,Yes,C:\Users\Installer\Downloads\Yes_lp_train_2771.jpg
lp_train_392.jpg,Yes,C:\Users\Installer\Downloads\Yes_lp_train_392.jpg
lp_train_1707.jpg,Yes,C:\Users\Installer\Downloads\Yes_lp_train_1707.jpg
lp_train_3330.jpg,Yes,C:\Users\Installer\Downloads\Yes_lp_train_3330.jpg
lp_train_5088.jpg,Yes,C:\Users\Installer\Downloads\Yes_lp_train_5088.jpg
lp_train_2436.jpg,Yes,C:\Users\Installer\Downloads\Yes_lp_train_2436.jpg
lp_train_5392.jpg,Yes,C:\Users\Installer\Downloads\Yes_lp_train_5392.jpg
lp_train_539.jpg,Yes,C:\Users\Installer\Downloads\Yes_lp_train_539.jpg
lp_train_370.jpg,No,C:\Users\Installer\Downloads\No_lp_train_370.jpg
lp_train_2217.jpg,No,C:\Users\Installer\Downloads\No_lp_train_2217.jpg
lp_train_6512.jpg,Yes,C:\Users\Installer\Downloads\Yes_lp_train_6512.jpg
lp_train_052.jpg,Yes,C:\Users\Installer\Downloads\Yes_lp_train_052.jpg
lp_train_3265.jpg,Yes,C:\Users\Installer\Downloads\Yes_lp_train_3265.jpg
lp_train_2090.jpg,Yes,C:\Users\Installer\Downloads\Yes_lp_train_2090.jpg
lp_train_2213.jpg,Yes,C:\Users\Installer\Downloads\Yes_lp_train_2213.jpg
lp_train_1709.jpg,Yes,C:\Users\Installer\Downloads\Yes_lp_train_1709.jpg
lp_train_3149.jpg,No,C:\Users\Installer\Downloads\No_lp_train_3149.jpg
lp_train_1929.jpg,Yes,C:\Users\Installer\Downloads\Yes_lp_train_1929.jpg
lp_train_2659.jpg,Yes,C:\Users\Installer\Downloads\Yes_lp_train_2659.jpg
lp_train_1722.jpg,Yes,C:\Users\Installer\Downloads\Yes_lp_train_1722.jpg
lp_train_099.jpg,No,C:\Users\Installer\Downloads\No_lp_train_099.jpg
lp_train_6428.jpg,Yes,C:\Users\Installer\Downloads\Yes_lp_train_6428.jpg
lp_train_4090.jpg,Yes,C:\Users\Installer\Downloads\Yes_lp_train_4090.jpg
lp_train_2147.jpg,Yes,C:\Users\Installer\Downloads\Yes_lp_train_2147.jpg
lp_train_1044.jpg,Yes,C:\Users\Installer\Downloads\Yes_lp_train_1044.jpg
lp_train_3178.jpg,Yes,C:\Users\Installer\Downloads\Yes_lp_train_3178.jpg
lp_train_385.jpg,Yes,C:\Users\Installer\Downloads\Yes_lp_train_385.jpg
lp_train_509.jpg,Yes,C:\Users\Installer\Downloads\Yes_lp_train_509.jpg
lp_train_1597.jpg,Yes,C:\Users\Installer\Downloads\Yes_lp_train_1597.jpg
lp_train_1927.jpg,Yes,C:\Users\Installer\Downloads\Yes_lp_train_1927.jpg
lp_train_958.jpg,Yes,C:\Users\Installer\Downloads\Yes_lp_train_958.jpg
lp_train_4023.jpg,Yes,C:\Users\Installer\Downloads\Yes_lp_train_4023.jpg
lp_train_3273.jpg,Yes,C:\Users\Installer\Downloads\Yes_lp_train_3273.jpg
lp_train_397.jpg,Yes,C:\Users\Installer\Downloads\Yes_lp_train_397.jpg
lp_train_1414.jpg,Yes,C:\Users\Installer\Downloads\Yes_lp_train_1414.jpg
lp_train_2837.jpg,Yes,C:\Users\Installer\Downloads\Yes_lp_train_2837.jpg
lp_train_2556.jpg,No,C:\Users\Installer\Downloads\No_lp_train_2556.jpg
lp_train_083.jpg,Yes,C:\Users\Installer\Downloads\Yes_lp_train_083.jpg
lp_train_6431.jpg,Yes,C:\Users\Installer\Downloads\Yes_lp_train_6431.jpg
lp_train_849.jpg,Yes,C:\Users\Installer\Downloads\Yes_lp_train_849.jpg
lp_train_3146.jpg,Yes,C:\Users\Installer\Downloads\Yes_lp_train_3146.jpg
lp_train_263.jpg,Yes,C:\Users\Installer\Downloads\Yes_lp_train_263.jpg
lp_train_4322.jpg,Yes,C:\Users\Installer\Downloads\Yes_lp_train_4322.jpg
lp_train_715.jpg,Yes,C:\Users\Installer\Downloads\Yes_lp_train_715.jpg
lp_train_6327.jpg,Yes,C:\Users\Installer\Downloads\Yes_lp_train_6327.jpg
lp_train_3753.jpg,No,C:\Users\Installer\Downloads\No_lp_train_3753.jpg
lp_train_7032.jpg,Yes,C:\Users\Installer\Downloads\Yes_lp_train_7032.jpg
lp_train_4635.jpg,Yes,C:\Users\Installer\Downloads\Yes_lp_train_4635.jpg
lp_train_1015.jpg,Yes,C:\Users\Installer\Downloads\Yes_lp_train_1015.jpg
lp_train_6699.jpg,Yes,C:\Users\Installer\Downloads\Yes_lp_train_6699.jpg
lp_train_3082.jpg,Yes,C:\Users\Installer\Downloads\Yes_lp_train_3082.jpg
lp_train_4950.jpg,Yes,C:\Users\Installer\Downloads\Yes_lp_train_4950.jpg
lp_train_3187.jpg,Yes,C:\Users\Installer\Downloads\Yes_lp_train_3187.jpg
lp_train_121.jpg,Yes,C:\Users\Installer\Downloads\Yes_lp_train_121.jpg
lp_train_1538.jpg,Yes,C:\Users\Installer\Downloads\Yes_lp_train_1538.jpg
lp_train_455.jpg,Yes,C:\Users\Installer\Downloads\Yes_lp_train_455.jpg
lp_train_3194.jpg,Yes,C:\Users\Installer\Downloads\Yes_lp_train_3194.jpg
lp_train_1571.jpg,Yes,C:\Users\Installer\Downloads\Yes_lp_train_1571.jpg
lp_train_3226.jpg,No,C:\Users\Installer\Downloads\No_lp_train_3226.jpg
lp_train_6476.jpg,Yes,C:\Users\Installer\Downloads\Yes_lp_train_6476.jpg
lp_train_6663.jpg,Yes,C:\Users\Installer\Downloads\Yes_lp_train_6663.jpg
lp_train_1095.jpg,Yes,C:\Users\Installer\Downloads\Yes_lp_train_1095.jpg
lp_train_5302.jpg,Yes,C:\Users\Installer\Downloads\Yes_lp_train_5302.jpg
lp_train_6776.jpg,Yes,C:\Users\Installer\Downloads\Yes_lp_train_6776.jpg
lp_train_5402.jpg,Yes,C:\Users\Installer\Downloads\Yes_lp_train_5402.jpg
lp_train_4923.jpg,Yes,C:\Users\Installer\Downloads\Yes_lp_train_4923.jpg
lp_train_1651.jpg,Yes,C:\Users\Installer\Downloads\Yes_lp_train_1651.jpg
lp_train_6559.jpg,Yes,C:\Users\Installer\Downloads\Yes_lp_train_6559.jpg
lp_train_6324.jpg,Yes,C:\Users\Installer\Downloads\Yes_lp_train_6324.jpg
lp_train_281.jpg,No,C:\Users\Installer\Downloads\No_lp_train_281.jpg
